place,Count_Person,Count_Person_EducationalAttainmentBachelorsDegreeOrHigher,Median_Age_Person,Median_Income_Household,Percent_Person_WithAsthma,Percent_Person_WithHighBloodPressure
geoId/24001,67097.0,10067.0,41.2,59603.0,12.1,35.5
geoId/24003,602350.0,189790.0,39.0,124911.0,10.5,30.1
geoId/24005,852425.0,249443.0,39.7,91768.0,11.2,32.3
geoId/24009,94913.0,24139.0,40.8,133922.0,10.6,31.4
geoId/24011,34248.0,3733.0,39.9,68457.0,12.0,34.9
geoId/24013,177108.0,49770.0,41.3,118211.0,10.2,28.7
geoId/24015,106305.0,20517.0,40.6,92007.0,11.5,32.8
geoId/24017,174478.0,38720.0,38.9,122816.0,11.9,38.2
geoId/24019,33138.0,4539.0,43.5,61839.0,12.3,33.6
geoId/24021,299317.0,89963.0,39.0,122002.0,9.6,27.8
geoId/24023,28393.0,5573.0,48.3,67688.0,11.3,33.3
geoId/24025,265514.0,74637.0,40.5,112265.0,10.5,30.9
geoId/24027,339668.0,148194.0,39.8,149763.0,9.7,27.9
geoId/24029,19557.0,5535.0,48.6,80147.0,11.0,31.9
geoId/24031,1082273.0,448543.0,40.2,132450.0,9.5,26.8
geoId/24033,966629.0,242184.0,38.5,101798.0,10.6,37.3
geoId/24035,53688.0,14207.0,44.7,112826.0,10.9,33.0
geoId/24037,116469.0,28316.0,37.2,119446.0,10.9,33.5
geoId/24039,25241.0,3379.0,38.1,64943.0,12.4,39.2
geoId/24041,38244.0,12052.0,51.2,84811.0,11.2,29.3
geoId/24043,157228.0,26365.0,40.7,77747.0,12.3,35.1
geoId/24045,106329.0,19606.0,36.2,76210.0,11.9,35.2
geoId/24047,54337.0,14393.0,50.7,81745.0,11.2,33.1
geoId/24510,568271.0,145111.0,36.2,62177.0,12.4,35.2
zip/21550,13691.0,2893.0,49.4,64921.0,11.2,40.7
zip/21613,17926.0,2817.0,43.2,53890.0,12.4,41.5
zip/21863,5281.0,851.0,40.1,61975.0,11.3,44.6
zip/21853,10537.0,1736.0,33.7,69697.0,13.6,40.6
zip/21617,10428.0,2977.0,41.4,116898.0,10.7,38.1
zip/21601,24671.0,7399.0,48.1,83680.0,10.6,37.8
zip/21561,2412.0,690.0,57.0,73858.0,10.9,41.7
zip/21811,24377.0,7536.0,54.9,90082.0,10.5,42.3
zip/21536,3833.0,503.0,47.7,64205.0,11.6,42.2
zip/21620,13810.0,4344.0,42.5,80530.0,11.5,39.3
zip/21869,827.0,68.0,40.3,62045.0,11.7,40.7
zip/21629,10252.0,1206.0,40.0,73956.0,11.9,41.1
zip/21851,7297.0,1185.0,44.1,53162.0,12.3,44.6
zip/21157,38984.0,10368.0,43.2,104966.0,10.7,33.4
zip/21158,22083.0,5698.0,41.6,109827.0,10.8,33.7
zip/20772,54319.0,18248.0,42.3,139403.0,11.1,39.0
zip/21740,64792.0,9177.0,37.9,62873.0,12.8,39.5
zip/21871,1764.0,279.0,60.2,50524.0,11.9,45.2
zip/20613,17590.0,4804.0,44.4,151422.0,11.2,39.4
zip/21788,11654.0,2683.0,44.6,98856.0,10.3,34.1
zip/21622,420.0,78.0,51.5,68750.0,11.2,43.0
zip/21632,6436.0,539.0,41.9,61316.0,12.8,41.8
zip/21750,3417.0,307.0,50.1,60625.0,12.5,41.5
zip/21531,2487.0,326.0,48.8,63750.0,10.9,39.5
zip/21722,6721.0,873.0,40.7,88232.0,12.3,37.3
zip/21520,1918.0,414.0,43.3,59852.0,11.1,40.2
zip/21838,1873.0,192.0,44.6,88438.0,11.4,43.2
zip/21136,32088.0,12976.0,46.3,118500.0,11.0,35.2
zip/21804,40430.0,7037.0,32.6,73156.0,12.0,37.0
zip/21787,11645.0,1770.0,40.1,91682.0,11.1,36.4
zip/21655,5053.0,847.0,42.2,90385.0,11.3,38.7
zip/21673,2843.0,645.0,45.7,68194.0,11.0,38.0
zip/21742,34069.0,7426.0,41.7,86288.0,12.2,37.9
zip/21643,5392.0,511.0,39.8,67219.0,12.8,39.1
zip/21784,39258.0,13966.0,38.9,139395.0,10.1,31.6
zip/21771,33031.0,11043.0,40.9,157302.0,9.9,31.7
zip/21668,2011.0,276.0,49.4,78672.0,11.0,42.5
zip/20678,12752.0,2666.0,38.4,125732.0,11.5,37.5
zip/21837,2891.0,349.0,40.8,62880.0,11.4,39.3
zip/21659,1601.0,122.0,49.9,73750.0,11.7,36.9
zip/20842,2369.0,868.0,48.5,204013.0,9.6,32.5
zip/21120,7440.0,3333.0,40.8,162052.0,10.4,34.9
zip/21645,959.0,276.0,59.2,86118.0,10.5,37.9
zip/21702,49605.0,14123.0,38.1,106983.0,10.0,31.9
zip/20639,15544.0,3876.0,41.3,161422.0,10.8,35.6
zip/21625,1766.0,321.0,43.7,83250.0,10.9,37.5
zip/20837,6699.0,2724.0,45.9,174063.0,10.0,27.6
zip/21801,30088.0,6292.0,36.9,71313.0,12.1,38.9
zip/21769,11965.0,3999.0,43.3,151563.0,9.5,32.6
zip/21701,43048.0,15762.0,39.6,106577.0,9.7,31.4
zip/21713,9846.0,1997.0,45.5,96199.0,11.8,38.1
zip/21658,3632.0,1240.0,53.6,128274.0,9.9,37.0
zip/20882,13751.0,5913.0,46.6,184136.0,9.5,30.1
zip/21042,43327.0,21875.0,45.1,190061.0,9.1,31.0
zip/21849,3388.0,679.0,41.7,71211.0,11.3,39.8
zip/21678,1658.0,384.0,50.6,71023.0,11.6,42.2
zip/21773,5826.0,2028.0,43.8,161908.0,9.7,33.3
zip/21623,2669.0,399.0,36.4,78345.0,11.2,35.6
zip/20774,51816.0,17575.0,42.5,128259.0,11.0,41.7
zip/21783,9910.0,1655.0,42.8,100750.0,12.0,36.5
zip/21755,5909.0,1964.0,43.2,137417.0,9.6,34.1
zip/20711,7731.0,2025.0,40.6,113576.0,11.8,36.9
zip/20854,50498.0,29878.0,47.7,250001.0,8.4,30.5
zip/21856,1037.0,105.0,42.6,88045.0,10.6,40.6
zip/21639,4682.0,411.0,37.7,62772.0,12.4,36.6
zip/21661,2613.0,773.0,58.4,90492.0,11.2,45.4
zip/21830,5200.0,1316.0,36.0,112991.0,11.7,35.4
zip/21660,4132.0,490.0,35.6,80469.0,11.9,37.5
zip/21795,10144.0,1972.0,41.0,87864.0,11.7,40.6
zip/21703,41960.0,11842.0,34.6,106334.0,9.8,29.3
zip/21122,61566.0,13868.0,40.2,127587.0,11.2,32.5
zip/21727,6052.0,851.0,29.5,95236.0,10.9,26.6
zip/21102,12162.0,3023.0,44.5,135069.0,10.4,33.8
zip/21035,7879.0,3277.0,44.9,188347.0,10.3,35.4
zip/21635,2085.0,600.0,50.3,101618.0,11.1,38.7
zip/20657,20699.0,4791.0,37.4,115748.0,11.5,34.4
zip/21117,62816.0,21467.0,36.7,101831.0,11.3,33.8
zip/21710,4661.0,1866.0,51.9,163864.0,9.5,33.5
zip/21782,3704.0,767.0,48.7,94130.0,12.1,36.9
zip/21797,8643.0,3073.0,45.3,189241.0,10.2,32.8
zip/21651,2290.0,256.0,34.4,74063.0,11.3,38.8
zip/21841,793.0,113.0,45.4,78036.0,11.2,37.5
zip/21874,1693.0,249.0,43.6,78393.0,11.7,37.6
zip/21850,3850.0,412.0,43.5,79665.0,11.9,37.3
zip/21776,6261.0,1771.0,44.1,133409.0,10.7,33.9
zip/21791,5340.0,960.0,37.7,93015.0,10.4,34.5
zip/21813,2999.0,708.0,53.2,121472.0,10.5,40.7
zip/21048,10481.0,3478.0,41.7,131921.0,10.6,33.7
zip/20841,9969.0,4301.0,46.8,184688.0,8.7,26.1
zip/21074,14777.0,3843.0,42.9,108536.0,10.6,31.6
zip/21111,4714.0,2196.0,48.7,136304.0,10.2,34.5
zip/21704,20006.0,7133.0,38.6,161063.0,8.9,27.4
zip/20744,54441.0,15019.0,44.9,124190.0,10.7,41.6
zip/20735,37464.0,9394.0,47.1,126196.0,11.1,43.2
zip/21626,256.0,51.0,43.7,60313.0,11.2,35.8
zip/21711,929.0,151.0,52.3,91250.0,11.2,40.4
zip/21875,7646.0,1152.0,38.3,83665.0,11.9,37.3
zip/21152,6459.0,2569.0,44.9,121350.0,10.1,30.6
zip/21631,2429.0,411.0,48.3,73864.0,11.4,37.4
zip/21030,25827.0,9532.0,36.8,89015.0,10.3,32.4
zip/20736,9960.0,2989.0,38.8,159851.0,10.5,34.7
zip/21636,1097.0,65.0,44.0,73426.0,11.7,41.9
zip/21657,1354.0,210.0,58.5,104940.0,11.5,39.1
zip/21756,3640.0,707.0,41.8,101786.0,11.8,36.3
zip/21541,1335.0,372.0,44.0,82955.0,10.7,36.0
zip/20685,6866.0,1167.0,42.8,119135.0,11.2,36.1
zip/21864,606.0,71.0,49.9,82917.0,11.8,45.7
zip/20874,62738.0,21100.0,37.6,115022.0,10.1,28.4
zip/21666,14394.0,4245.0,46.0,123645.0,10.6,36.8
zip/21754,8156.0,3163.0,41.2,182188.0,9.1,29.4
zip/21053,2929.0,813.0,44.5,89497.0,10.2,35.3
zip/20776,3315.0,911.0,45.9,149300.0,10.7,35.8
zip/20871,30182.0,13341.0,37.7,177523.0,8.7,25.2
zip/21793,10719.0,3012.0,42.8,121971.0,10.0,33.0
zip/21539,1975.0,251.0,45.6,57708.0,12.0,39.6
zip/21220,42824.0,8819.0,37.7,81817.0,12.0,36.1
zip/21780,2159.0,378.0,41.5,83785.0,10.2,33.3
zip/21131,7141.0,3881.0,49.4,197619.0,9.8,34.2
zip/21640,1163.0,114.0,39.9,53558.0,12.4,36.7
zip/20878,66115.0,32603.0,41.4,144313.0,8.9,27.2
zip/21093,39100.0,19918.0,45.3,125528.0,9.5,34.9
zip/21401,38629.0,18060.0,47.7,123381.0,10.5,35.7
zip/20872,13983.0,4283.0,41.3,141050.0,10.5,29.0
zip/21155,3313.0,911.0,33.7,123158.0,10.4,37.2
zip/21822,2926.0,704.0,35.0,84479.0,11.8,41.9
zip/20607,13750.0,4409.0,40.8,151427.0,10.7,38.6
zip/20724,19369.0,5887.0,36.1,118115.0,11.7,34.0
zip/21757,2671.0,557.0,37.8,100500.0,10.5,37.1
zip/21865,320.0,105.0,67.6,83155.0,11.0,42.3
zip/21778,745.0,143.0,58.4,76458.0,10.3,36.2
zip/21538,678.0,49.0,38.0,61250.0,11.9,43.6
zip/20608,693.0,94.0,30.8,82083.0,10.7,43.9
zip/21032,8850.0,3365.0,49.1,168653.0,10.6,33.9
zip/20833,7860.0,3409.0,45.2,204375.0,9.8,30.5
zip/21029,13607.0,7164.0,43.1,243542.0,8.6,28.7
zip/20721,31032.0,13692.0,48.4,163105.0,10.5,42.3
zip/21037,20854.0,6955.0,41.3,145787.0,10.8,33.7
zip/21829,396.0,96.0,59.5,71359.0,11.4,43.3
zip/21043,48525.0,21030.0,40.3,148125.0,9.4,29.0
zip/21144,37118.0,11211.0,37.7,136684.0,11.1,33.4
zip/21872,661.0,230.0,31.5,117888.0,11.2,39.3
zip/21798,2928.0,714.0,41.3,116607.0,10.2,34.2
zip/21758,4409.0,1350.0,39.0,111528.0,10.4,33.7
zip/21054,16386.0,6343.0,40.9,163825.0,10.6,32.7
zip/21057,4386.0,1622.0,41.3,145924.0,10.1,38.3
zip/21228,50492.0,18843.0,42.2,112656.0,10.4,36.4
zip/21221,43487.0,6382.0,42.4,67340.0,12.2,38.5
zip/21113,36705.0,13848.0,35.5,125639.0,10.8,30.7
zip/21607,597.0,60.0,48.0,91250.0,11.1,38.8
zip/21521,1400.0,131.0,54.1,64194.0,12.5,40.2
zip/21669,160.0,76.0,58.3,116500.0,11.0,42.6
zip/20720,25015.0,9940.0,42.4,158997.0,10.7,37.2
zip/21821,797.0,75.0,46.0,60341.0,11.4,50.3
zip/21562,3032.0,278.0,43.8,47500.0,12.1,41.8
zip/21817,4417.0,826.0,42.1,55720.0,12.0,43.7
zip/20676,3218.0,940.0,45.1,156657.0,11.3,37.3
zip/20705,28713.0,6766.0,37.2,110351.0,10.0,33.4
zip/21774,17134.0,6610.0,36.1,171103.0,9.5,26.8
zip/21244,38208.0,9059.0,36.0,85114.0,12.3,40.0
zip/20850,50353.0,25219.0,41.2,125950.0,9.1,28.5
zip/20715,26915.0,8907.0,40.8,143732.0,10.0,34.3
zip/20817,37454.0,22132.0,45.8,249332.0,8.8,29.6
zip/21409,20289.0,8310.0,42.5,147151.0,10.5,32.2
zip/21075,37363.0,14518.0,34.1,135303.0,10.4,26.9
zip/20904,58646.0,20232.0,40.6,96025.0,10.5,35.9
zip/20754,7545.0,2467.0,39.3,167371.0,10.6,35.9
zip/21087,5537.0,1890.0,52.0,129188.0,10.3,37.0
zip/21677,436.0,73.0,48.6,112578.0,11.2,45.5
zip/20855,17279.0,8507.0,41.3,149110.0,9.3,29.2
zip/20723,36866.0,14361.0,37.2,138113.0,10.2,29.2
zip/21060,39730.0,9370.0,37.7,104715.0,11.4,33.2
zip/21108,18643.0,7107.0,41.3,151324.0,10.5,32.6
zip/20906,70595.0,21058.0,41.2,97521.0,10.1,35.0
zip/21208,37276.0,13462.0,46.0,90131.0,11.1,42.4
zip/21234,66334.0,17299.0,40.5,83517.0,11.3,36.0
zip/21663,3764.0,1566.0,56.0,89775.0,10.6,42.8
zip/21061,57230.0,9809.0,35.9,87751.0,11.6,33.7
zip/20708,27593.0,7195.0,36.5,83367.0,11.0,34.7
zip/21219,9565.0,1770.0,42.7,110438.0,11.1,36.7
zip/21044,44114.0,21883.0,40.0,135057.0,10.5,32.0
zip/20707,37278.0,12349.0,37.5,107706.0,10.4,33.7
zip/21076,24268.0,9991.0,38.1,146869.0,10.4,29.6
zip/20905,19004.0,7541.0,44.8,159740.0,9.7,33.1
zip/20716,22362.0,8005.0,43.5,125034.0,10.7,37.5
zip/21770,8751.0,3343.0,39.8,183571.0,9.3,29.7
zip/20732,10722.0,3385.0,43.7,140304.0,10.9,34.2
zip/21654,1179.0,698.0,68.7,82772.0,10.4,44.7
zip/21649,1890.0,159.0,36.1,68542.0,11.3,35.5
zip/21227,34907.0,7002.0,36.2,85986.0,11.3,32.9
zip/20876,26406.0,8922.0,36.8,119731.0,9.7,28.5
zip/21222,59407.0,5991.0,36.4,64141.0,12.4,37.2
zip/21013,5610.0,2133.0,40.7,171354.0,10.4,34.0
zip/21835,312.0,26.0,60.8,47083.0,11.5,36.6
zip/20755,11225.0,2824.0,25.1,103261.0,11.2,20.6
zip/21237,31425.0,6193.0,41.8,91693.0,11.3,35.7
zip/21146,28591.0,11441.0,41.5,172122.0,10.3,32.8
zip/20785,40066.0,7901.0,36.2,85994.0,11.7,38.8
zip/20706,42612.0,9712.0,38.0,104523.0,11.0,38.5
zip/21163,7539.0,3231.0,45.4,134672.0,9.7,34.6
zip/21638,5420.0,1735.0,42.3,140086.0,10.9,40.2
zip/21012,22570.0,8790.0,38.0,139432.0,10.4,31.2
zip/21672,161.0,4.0,60.6,83269.0,12.2,40.5
zip/21779,1311.0,319.0,41.8,80743.0,11.7,36.8
zip/21045,40034.0,15855.0,39.6,118563.0,10.6,32.0
zip/21650,265.0,35.0,39.0,92000.0,10.4,36.6
zip/20743,41093.0,6523.0,37.3,76466.0,11.9,43.0
zip/20832,25553.0,10735.0,41.0,168524.0,9.4,29.7
zip/21648,172.0,16.0,61.4,137500.0,11.4,41.3
zip/20748,40338.0,8703.0,41.2,83162.0,11.8,43.1
zip/21619,6152.0,1799.0,47.2,107639.0,11.0,41.0
zip/21403,32681.0,13713.0,45.3,123329.0,10.5,34.5
zip/21842,11226.0,3634.0,53.4,79876.0,10.7,41.5
zip/21104,6052.0,2767.0,43.1,191804.0,9.7,33.8
zip/20853,31851.0,11109.0,41.8,159080.0,9.6,30.3
zip/21133,31398.0,7710.0,47.1,80480.0,12.4,44.1
zip/20740,36847.0,8832.0,23.5,77317.0,10.8,22.2
zip/21236,39514.0,11122.0,38.4,95149.0,10.7,34.0
zip/20879,25264.0,7738.0,36.4,112104.0,10.0,29.3
zip/21286,21853.0,8876.0,39.6,93808.0,10.5,34.7
zip/21662,546.0,225.0,46.5,137404.0,9.8,39.9
zip/21794,2192.0,947.0,43.4,231466.0,9.6,30.0
zip/20852,48180.0,26412.0,38.5,122472.0,9.3,27.0
zip/20747,38301.0,6930.0,39.5,76298.0,12.2,42.7
zip/21046,15608.0,6312.0,37.3,127813.0,10.7,30.4
zip/20689,1809.0,401.0,48.1,161833.0,10.8,39.0
zip/20778,2211.0,716.0,47.7,205974.0,10.6,36.2
zip/20746,27156.0,5542.0,43.1,79330.0,11.9,40.0
zip/20902,54261.0,17089.0,36.6,114486.0,10.2,28.8
zip/21679,306.0,135.0,69.5,119821.0,10.4,34.1
zip/21207,47099.0,9656.0,39.5,67060.0,12.8,44.9
zip/20777,3221.0,1647.0,45.5,226146.0,9.2,31.4
zip/20770,28384.0,8040.0,34.2,84096.0,11.0,34.3
zip/21162,4639.0,1310.0,37.5,157813.0,10.1,32.2
zip/20866,15986.0,5067.0,39.9,140308.0,10.5,32.2
zip/21738,3696.0,1717.0,41.2,250001.0,10.0,31.1
zip/21667,291.0,21.0,59.5,64122.0,10.4,35.7
zip/20779,883.0,301.0,57.1,178452.0,10.2,38.5
zip/21128,15501.0,5907.0,40.1,128069.0,10.3,33.7
zip/21090,10652.0,3089.0,36.8,138119.0,10.7,32.7
zip/20745,28605.0,5659.0,40.0,75236.0,11.6,38.7
zip/20769,6947.0,2671.0,44.1,139773.0,10.6,39.4
zip/20794,16814.0,3711.0,36.8,116406.0,10.7,31.1
zip/20759,6624.0,3672.0,40.6,250001.0,8.9,27.3
zip/21204,19845.0,9476.0,34.8,99606.0,10.9,29.8
zip/21036,2569.0,1289.0,48.8,218036.0,9.2,31.3
zip/21082,626.0,265.0,54.2,145571.0,9.5,37.5
zip/21733,1275.0,221.0,41.2,109896.0,11.3,38.1
zip/20783,50333.0,6298.0,32.8,86737.0,10.6,32.0
zip/20762,3130.0,537.0,24.4,87407.0,10.2,21.1
zip/21114,25590.0,10465.0,36.4,141344.0,10.4,29.2
zip/20877,38546.0,8560.0,36.8,92800.0,10.3,31.2
zip/21612,470.0,240.0,70.2,117794.0,10.6,40.1
zip/20815,30505.0,18538.0,46.2,194971.0,9.3,30.5
zip/20901,36435.0,14887.0,39.5,131386.0,10.3,30.2
zip/21840,576.0,69.0,41.9,120324.0,11.0,45.8
zip/21665,229.0,79.0,60.4,150809.0,11.4,36.2
zip/20751,2851.0,841.0,44.4,123951.0,10.0,33.4
zip/20861,2890.0,1569.0,51.0,163438.0,9.6,32.5
zip/21737,2474.0,1236.0,38.8,250001.0,9.3,29.0
zip/21790,170.0,0.0,29.5,77656.0,9.6,28.4
zip/20758,714.0,177.0,44.2,240847.0,10.1,34.8
zip/20910,45943.0,25357.0,35.4,112134.0,10.1,26.1
zip/21634,465.0,75.0,38.4,83250.0,10.7,41.8
zip/20814,32795.0,20045.0,39.9,150996.0,9.2,26.6
zip/20782,34293.0,9482.0,36.6,90205.0,10.7,32.5
zip/21225,34062.0,3367.0,34.2,54020.0,13.2,37.5
zip/20784,33831.0,4660.0,35.6,86509.0,10.9,35.5
zip/20886,34718.0,10444.0,37.9,98542.0,10.4,30.1
zip/20895,19184.0,9711.0,41.9,173625.0,9.3,28.7
zip/21826,5451.0,1152.0,33.2,64946.0,11.5,34.9
zip/21719,1178.0,177.0,39.3,65809.0,11.8,37.5
zip/21676,439.0,191.0,69.6,112862.0,11.0,43.0
zip/20764,2993.0,750.0,52.8,118857.0,10.6,33.0
zip/21644,81.0,0.0,64.5,73480.0,10.8,35.0
zip/20860,2035.0,835.0,49.6,152768.0,9.4,38.2
zip/21723,669.0,386.0,48.3,241250.0,10.1,28.3
zip/20733,2669.0,688.0,43.2,126797.0,10.7,34.3
zip/21209,30126.0,11969.0,35.6,91437.0,10.5,31.7
zip/21814,217.0,0.0,62.9,94844.0,10.9,43.4
zip/20816,18140.0,10400.0,43.4,232656.0,9.2,28.9
zip/21647,320.0,165.0,56.1,113472.0,10.6,40.9
zip/20903,24815.0,4110.0,34.3,80768.0,10.9,32.2
zip/20737,24489.0,3457.0,31.7,86951.0,10.7,31.5
zip/20839,158.0,84.0,50.8,160329.0,9.7,30.2
zip/21153,456.0,335.0,65.8,220179.0,9.3,36.2
zip/21675,38.0,11.0,75.1,23958.0,10.8,45.0
zip/21716,7200.0,1725.0,38.5,109382.0,10.2,31.9
zip/21861,920.0,121.0,38.5,86027.0,10.9,36.5
zip/20851,14946.0,4916.0,38.6,126411.0,9.8,27.7
zip/20781,13352.0,3803.0,34.4,86018.0,10.5,31.2
zip/20912,25749.0,8837.0,38.2,83870.0,11.2,33.3
zip/21624,162.0,62.0,57.0,89375.0,10.1,48.6
zip/21824,264.0,2.0,45.8,90288.0,12.3,42.7
zip/21671,727.0,143.0,56.9,45125.0,10.4,45.7
zip/20623,2761.0,770.0,50.5,146058.0,11.4,41.6
zip/21402,4303.0,330.0,21.0,80893.0,10.4,24.5
zip/21627,26.0,16.0,72.3,96250.0,,
zip/20868,198.0,64.0,54.3,143333.0,10.1,33.4
zip/20862,430.0,237.0,56.0,189667.0,9.4,33.1
zip/21071,404.0,240.0,33.0,213500.0,10.4,34.4
zip/20722,6264.0,1147.0,38.9,91875.0,10.7,34.9
zip/21140,4417.0,1564.0,43.6,170156.0,10.1,33.1
zip/21056,291.0,271.0,66.6,250001.0,10.4,43.8
zip/20701,513.0,286.0,30.4,85594.0,10.7,26.0
zip/20688,1290.0,500.0,63.8,102950.0,8.9,44.9
zip/20710,9801.0,1027.0,31.7,63810.0,11.1,37.4
zip/21777,2462.0,801.0,43.8,159708.0,9.7,30.0
zip/20763,2601.0,893.0,35.9,76842.0,10.4,28.0
zip/21610,391.0,95.0,39.2,86250.0,10.9,40.0
zip/21156,204.0,81.0,37.3,124648.0,11.8,29.1
zip/21405,495.0,332.0,64.5,160703.0,9.5,39.7
zip/21628,248.0,37.0,49.8,115417.0,11.1,35.9
zip/20838,306.0,131.0,34.4,250001.0,10.2,31.7
zip/21031,26.0,0.0,19.5,,,
zip/20818,1539.0,978.0,52.7,245982.0,9.0,30.3
zip/20714,4525.0,1236.0,35.1,91099.0,11.3,34.7
zip/20629,1150.0,428.0,58.1,87389.0,9.9,43.1
zip/21523,150.0,20.0,37.6,59063.0,11.6,44.1
zip/20712,9563.0,2394.0,39.3,68846.0,10.7,32.7
zip/20615,460.0,60.0,58.6,191944.0,11.2,38.6
zip/21717,245.0,43.0,42.6,158413.0,10.5,28.2
zip/21652,155.0,78.0,68.5,127930.0,10.4,42.7
zip/21734,1076.0,263.0,52.4,61392.0,11.7,41.2
zip/21810,55.0,29.0,69.9,133201.0,10.6,39.0
zip/20765,668.0,196.0,53.1,149545.0,10.5,42.1
zip/21762,139.0,42.0,33.6,143438.0,10.2,30.4
zip/21714,95.0,46.0,58.6,161806.0,9.4,31.5
zip/21077,63.0,28.0,29.9,180167.0,11.2,32.8
zip/21052,409.0,86.0,27.8,77300.0,10.6,33.6
zip/21051,172.0,47.0,44.5,232721.0,10.0,32.2
zip/21890,3289.0,69.0,35.8,,9.3,35.3
zip/21767,1031.0,73.0,51.4,57940.0,12.0,35.7
zip/20896,932.0,565.0,49.7,250001.0,9.5,31.2
zip/20880,577.0,384.0,62.2,134583.0,9.7,34.5
zip/21718,134.0,55.0,57.6,93500.0,9.2,41.8
zip/20742,4350.0,0.0,19.0,,12.6,12.9
zip/21664,635.0,76.0,34.0,82721.0,12.2,34.5
zip/21746,2361.0,54.0,38.0,,10.3,33.9
zip/21252,4865.0,30.0,20.0,,16.7,17.5
zip/21250,2834.0,12.0,19.9,,10.5,13.2
zip/21781,25.0,0.0,21.9,,9.8,18.3
zip/21653,84.0,61.0,72.7,100917.0,9.4,34.4
zip/20812,276.0,155.0,47.5,213750.0,9.1,29.0
zip/21641,127.0,17.0,58.8,66875.0,10.8,34.9
zip/21866,81.0,4.0,60.6,95250.0,10.2,48.0
zip/20899,57.0,0.0,62.8,24417.0,10.7,37.8
zip/21555,1470.0,114.0,42.6,53266.0,12.4,42.1
zip/21921,45527.0,9121.0,39.4,85775.0,11.7,36.8
zip/20659,24324.0,4323.0,37.5,121654.0,11.0,36.1
zip/21502,41015.0,6002.0,42.8,60725.0,12.0,41.2
zip/20646,21400.0,5218.0,42.9,131974.0,11.4,39.0
zip/20650,16094.0,4714.0,38.6,143116.0,10.2,35.7
zip/21530,1404.0,238.0,56.0,63542.0,12.6,43.5
zip/20662,2129.0,304.0,41.8,86699.0,12.1,46.4
zip/21901,19514.0,4715.0,38.3,113719.0,11.5,34.1
zip/21919,3626.0,821.0,47.7,106500.0,11.2,41.3
zip/20640,10685.0,1799.0,38.8,100593.0,12.2,41.0
zip/21766,854.0,213.0,30.8,62054.0,12.1,45.6
zip/20664,3138.0,433.0,44.3,88438.0,11.4,42.2
zip/21532,13647.0,2588.0,34.8,63690.0,12.2,37.1
zip/20601,26945.0,6077.0,37.4,117480.0,12.1,39.9
zip/21154,6544.0,1376.0,50.0,97658.0,10.9,38.3
zip/21911,10551.0,1888.0,41.9,104673.0,11.4,36.3
zip/20636,10486.0,2505.0,39.4,163690.0,11.2,36.2
zip/21912,1536.0,317.0,58.2,69868.0,11.3,36.9
zip/21005,2202.0,872.0,33.1,125208.0,10.5,30.5
zip/20653,26852.0,6543.0,34.8,103048.0,11.4,35.5
zip/20637,6133.0,1441.0,43.5,160121.0,11.4,38.6
zip/21015,30013.0,10759.0,40.4,137281.0,10.3,33.2
zip/20622,5185.0,794.0,49.4,124063.0,11.0,42.9
zip/21078,20030.0,6239.0,46.8,106667.0,10.7,38.0
zip/21001,27168.0,5365.0,37.7,83238.0,11.7,38.0
zip/21050,17466.0,5473.0,44.1,125208.0,10.4,34.3
zip/21557,1481.0,218.0,45.3,34936.0,12.3,41.4
zip/21034,2846.0,470.0,45.1,78047.0,11.0,40.3
zip/21161,5221.0,1415.0,46.7,108094.0,10.5,35.4
zip/21084,7070.0,2208.0,44.0,121509.0,10.8,36.3
zip/21904,6233.0,1171.0,39.7,88136.0,11.7,37.6
zip/21915,2471.0,405.0,51.9,95875.0,11.1,40.1
zip/21047,13852.0,5234.0,45.4,157500.0,10.2,35.0
zip/21132,3160.0,812.0,41.0,132288.0,10.7,35.5
zip/20693,1496.0,274.0,39.0,126033.0,11.2,40.2
zip/21085,17307.0,3963.0,42.3,113714.0,11.0,36.5
zip/21918,4169.0,500.0,42.9,84587.0,11.4,38.1
zip/20603,31844.0,8466.0,38.4,137946.0,12.2,38.8
zip/20619,14212.0,4953.0,36.6,119432.0,10.5,31.5
zip/21545,1694.0,225.0,43.1,60264.0,12.3,40.9
zip/20677,2088.0,628.0,51.5,165764.0,11.2,42.1
zip/21160,2441.0,450.0,52.7,106181.0,11.2,35.9
zip/20602,28331.0,5484.0,34.2,107360.0,12.3,39.5
zip/20695,16407.0,4339.0,38.9,141959.0,12.1,40.5
zip/21014,38707.0,12854.0,41.3,116970.0,10.4,33.9
zip/20621,958.0,127.0,63.0,47978.0,11.3,41.7
zip/21028,3103.0,1092.0,44.6,137586.0,10.1,34.3
zip/21903,5692.0,818.0,43.1,78962.0,11.7,38.9
zip/21009,33679.0,9667.0,36.2,121660.0,10.9,31.6
zip/20624,796.0,63.0,41.3,104545.0,10.5,34.0
zip/20609,714.0,131.0,59.3,118102.0,11.1,40.8
zip/21040,24960.0,3775.0,36.4,81704.0,11.9,37.3
zip/20616,8057.0,1653.0,37.4,128177.0,11.9,38.8
zip/20670,2046.0,246.0,22.9,70371.0,10.2,17.7
zip/20684,802.0,319.0,44.2,180060.0,10.3,41.2
zip/20611,1219.0,172.0,45.1,151607.0,11.0,39.5
zip/20680,663.0,122.0,33.6,81125.0,10.5,41.6
zip/21917,2233.0,189.0,42.4,96750.0,11.8,35.7
zip/20618,1705.0,225.0,52.0,105508.0,11.1,42.0
zip/21010,239.0,61.0,19.3,99410.0,11.6,28.8
zip/20692,505.0,233.0,59.1,201250.0,10.4,38.5
zip/20675,1796.0,670.0,49.6,127269.0,11.1,41.1
zip/20634,7088.0,1768.0,32.0,139375.0,11.0,33.8
zip/20630,559.0,297.0,56.1,233411.0,10.8,38.3
zip/21224,47465.0,16873.0,34.3,89017.0,11.0,25.4
zip/21215,52229.0,9521.0,41.2,51587.0,12.8,45.1
zip/20632,485.0,163.0,41.1,204071.0,10.7,40.0
zip/20628,503.0,190.0,35.9,160043.0,11.0,39.4
zip/21230,32977.0,14493.0,33.9,91842.0,10.9,24.8
zip/20617,334.0,197.0,51.5,104036.0,10.9,41.9
zip/21229,46679.0,7628.0,37.5,60047.0,12.9,41.0
zip/20687,415.0,163.0,73.1,143468.0,10.7,43.1
zip/21206,48902.0,9332.0,36.7,64531.0,12.7,39.1
zip/21226,6674.0,1392.0,33.6,82635.0,11.5,33.0
zip/20658,866.0,207.0,48.0,104375.0,11.9,42.2
zip/21218,44014.0,12892.0,35.0,62488.0,12.2,33.5
zip/20620,1115.0,249.0,41.6,165972.0,11.0,34.4
zip/21524,710.0,58.0,36.1,76417.0,11.9,41.9
zip/21213,28058.0,3423.0,38.3,51344.0,13.9,45.1
zip/21216,29426.0,3327.0,34.7,42031.0,13.9,45.8
zip/21210,14134.0,6790.0,32.0,112428.0,9.5,22.6
zip/21211,14969.0,7944.0,37.5,82828.0,10.3,25.4
zip/21214,21092.0,6446.0,40.8,86366.0,11.9,36.4
zip/21017,6648.0,1934.0,37.6,106831.0,11.5,33.0
zip/21223,19572.0,2156.0,38.6,45840.0,14.4,44.4
zip/21212,33974.0,12714.0,38.5,96685.0,11.1,33.4
zip/21543,185.0,25.0,30.9,33750.0,11.3,40.1
zip/20667,150.0,83.0,39.6,36048.0,11.6,37.9
zip/21239,27346.0,6033.0,37.1,62650.0,12.9,40.1
zip/21217,30792.0,4992.0,38.8,38409.0,13.4,42.9
zip/21205,13013.0,1468.0,35.9,43176.0,13.5,40.4
zip/20674,769.0,278.0,45.3,171985.0,10.3,37.9
zip/20690,1077.0,310.0,45.7,122750.0,10.1,38.7
zip/21202,20683.0,7359.0,33.7,59377.0,11.7,30.2
zip/20626,284.0,46.0,64.5,53143.0,10.5,42.0
zip/20645,814.0,257.0,50.9,191429.0,11.0,44.9
zip/21201,18307.0,6362.0,33.6,45640.0,12.2,31.5
zip/21913,820.0,161.0,29.9,87813.0,11.4,32.4
zip/21920,1413.0,206.0,36.7,124146.0,10.5,39.5
zip/21529,514.0,25.0,54.3,37240.0,12.2,40.5
zip/20606,291.0,68.0,56.5,88262.0,11.1,42.9
zip/21231,14969.0,7443.0,32.7,85254.0,11.1,23.3
zip/21902,340.0,53.0,70.2,,8.7,59.4
zip/21930,25.0,0.0,68.1,107784.0,9.5,43.0
zip/21914,810.0,152.0,46.3,66806.0,10.7,36.2
zip/21130,112.0,0.0,21.7,17336.0,12.1,36.3
zip/20625,849.0,16.0,45.8,161000.0,11.6,41.1
zip/20686,971.0,11.0,20.3,79475.0,10.9,9.8
zip/21540,89.0,7.0,44.5,81250.0,12.5,32.3
zip/20612,148.0,0.0,63.8,41118.0,10.1,47.2
zip/21251,191.0,6.0,19.5,,8.3,7.1
zip/21542,84.0,0.0,26.7,13889.0,12.3,35.7
